Scenario Name,Heap Size,Concurrent Users,Message Size (Bytes),Back-end Service Delay (ms),Label,# Samples,Error Count,Error %,Throughput (Requests/sec),Average Response Time (ms),Average Users in the System,Standard Deviation of Response Time (ms),Minimum Response Time (ms),Maximum Response Time (ms),75th Percentile of Response Time (ms),90th Percentile of Response Time (ms),95th Percentile of Response Time (ms),98th Percentile of Response Time (ms),99th Percentile of Response Time (ms),99.9th Percentile of Response Time (ms),Received (KB/sec),Sent (KB/sec),WSO2 Micro Integrator 4.2.0-m1 GC Throughput (%),WSO2 Micro Integrator 4.2.0-m1 Memory Footprint (M),Average WSO2 Micro Integrator 4.2.0-m1 Memory Footprint After Full GC (M),Standard Deviation of WSO2 Micro Integrator 4.2.0-m1 Memory Footprint After Full GC (M),Netty Service GC Throughput (%),Netty Service Memory Footprint (M),Average Netty Service Memory Footprint After Full GC (M),Standard Deviation of Netty Service Memory Footprint After Full GC (M),JMeter Client GC Throughput (%),JMeter Client Memory Footprint (M),Average JMeter Client Memory Footprint After Full GC (M),Standard Deviation of JMeter Client Memory Footprint After Full GC (M),JMeter Server 1 GC Throughput (%),JMeter Server 1 Memory Footprint (M),Average JMeter Server 1 Memory Footprint After Full GC (M),Standard Deviation of JMeter Server 1 Memory Footprint After Full GC (M),JMeter Server 2 GC Throughput (%),JMeter Server 2 Memory Footprint (M),Average JMeter Server 2 Memory Footprint After Full GC (M),Standard Deviation of JMeter Server 2 Memory Footprint After Full GC (M),WSO2 Micro Integrator 4.2.0-m1 - Run queue length,WSO2 Micro Integrator 4.2.0-m1 - Number of tasks,WSO2 Micro Integrator 4.2.0-m1 - System Load Average - Last 1 minute,WSO2 Micro Integrator 4.2.0-m1 - System Load Average - Last 5 minutes,WSO2 Micro Integrator 4.2.0-m1 - System Load Average - Last 15 minutes,WSO2 Micro Integrator 4.2.0-m1 - Blocked,WSO2 Micro Integrator 4.2.0-m1 - CPU - User (%),WSO2 Micro Integrator 4.2.0-m1 - CPU - Nice (%),WSO2 Micro Integrator 4.2.0-m1 - CPU - System (%),WSO2 Micro Integrator 4.2.0-m1 - CPU - I/O Wait (%),WSO2 Micro Integrator 4.2.0-m1 - CPU - Steal (%),WSO2 Micro Integrator 4.2.0-m1 - CPU - Idle (%),WSO2 Micro Integrator 4.2.0-m1 - Memory - Free (kB),WSO2 Micro Integrator 4.2.0-m1 - Memory - Available (kB),WSO2 Micro Integrator 4.2.0-m1 - Memory - Used (kB),WSO2 Micro Integrator 4.2.0-m1 - Memory - Used (%),WSO2 Micro Integrator 4.2.0-m1 - Memory - Buffers (kB),WSO2 Micro Integrator 4.2.0-m1 - Memory - Cached (kB),WSO2 Micro Integrator 4.2.0-m1 - Memory - Commit (kB),WSO2 Micro Integrator 4.2.0-m1 - Memory - Commit (%),WSO2 Micro Integrator 4.2.0-m1 - Memory - Active (kB),WSO2 Micro Integrator 4.2.0-m1 - Memory - Inactive (kB),WSO2 Micro Integrator 4.2.0-m1 - Memory - Dirty (kB),WSO2 Micro Integrator 4.2.0-m1 - Block Device - TPS (transfers/s),WSO2 Micro Integrator 4.2.0-m1 - Block Device - Read TPS (kB/s),WSO2 Micro Integrator 4.2.0-m1 - Block Device - Write TPS (kB/s),WSO2 Micro Integrator 4.2.0-m1 - Block Device - Discard TPS (kB/s),WSO2 Micro Integrator 4.2.0-m1 - Block Device - Average Request Size (kB),WSO2 Micro Integrator 4.2.0-m1 - Block Device - Average Queue Length,WSO2 Micro Integrator 4.2.0-m1 - Block Device - Average Time (ms),WSO2 Micro Integrator 4.2.0-m1 - Block Device - Utilization (%),WSO2 Micro Integrator 4.2.0-m1 - IO - TPS (transfers/s),WSO2 Micro Integrator 4.2.0-m1 - IO - Read TPS (requests/s,WSO2 Micro Integrator 4.2.0-m1 - IO - Write TPS (requests/s),WSO2 Micro Integrator 4.2.0-m1 - IO - Discard TPS (requests/s),WSO2 Micro Integrator 4.2.0-m1 - IO - Data reads per seconds (blocks/s),WSO2 Micro Integrator 4.2.0-m1 - IO - Data writes per seconds (blocks/s),WSO2 Micro Integrator 4.2.0-m1 - IO - Data discarded per seconds (blocks/s),WSO2 Micro Integrator 4.2.0-m1 - Tasks created per second,WSO2 Micro Integrator 4.2.0-m1 - Context switches per second,WSO2 Micro Integrator 4.2.0-m1 - Unused directory cache entries,WSO2 Micro Integrator 4.2.0-m1 - Number of file handles,WSO2 Micro Integrator 4.2.0-m1 - Number of inode handlers,WSO2 Micro Integrator 4.2.0-m1 - Number of pseudo-terminals,WSO2 Micro Integrator 4.2.0-m1 - Network - Received packets/s,WSO2 Micro Integrator 4.2.0-m1 - Network - Transmitted packets/s,WSO2 Micro Integrator 4.2.0-m1 - Network - Received kB/s,WSO2 Micro Integrator 4.2.0-m1 - Network - Transmitted kB/s,WSO2 Micro Integrator 4.2.0-m1 - Network - Received compressed packets/s,WSO2 Micro Integrator 4.2.0-m1 - Network - Transmitted compressed packets/s,WSO2 Micro Integrator 4.2.0-m1 - Network - Received multicast packets/s,WSO2 Micro Integrator 4.2.0-m1 - Network - Utilization (%),WSO2 Micro Integrator 4.2.0-m1 - Task clock,WSO2 Micro Integrator 4.2.0-m1 - Context switches,WSO2 Micro Integrator 4.2.0-m1 - CPU Migrations,WSO2 Micro Integrator 4.2.0-m1 - Page faults,Netty Service - Run queue length,Netty Service - Number of tasks,Netty Service - System Load Average - Last 1 minute,Netty Service - System Load Average - Last 5 minutes,Netty Service - System Load Average - Last 15 minutes,Netty Service - Blocked,Netty Service - CPU - User (%),Netty Service - CPU - Nice (%),Netty Service - CPU - System (%),Netty Service - CPU - I/O Wait (%),Netty Service - CPU - Steal (%),Netty Service - CPU - Idle (%),Netty Service - Memory - Free (kB),Netty Service - Memory - Available (kB),Netty Service - Memory - Used (kB),Netty Service - Memory - Used (%),Netty Service - Memory - Buffers (kB),Netty Service - Memory - Cached (kB),Netty Service - Memory - Commit (kB),Netty Service - Memory - Commit (%),Netty Service - Memory - Active (kB),Netty Service - Memory - Inactive (kB),Netty Service - Memory - Dirty (kB),Netty Service - Block Device - TPS (transfers/s),Netty Service - Block Device - Read TPS (kB/s),Netty Service - Block Device - Write TPS (kB/s),Netty Service - Block Device - Discard TPS (kB/s),Netty Service - Block Device - Average Request Size (kB),Netty Service - Block Device - Average Queue Length,Netty Service - Block Device - Average Time (ms),Netty Service - Block Device - Utilization (%),Netty Service - IO - TPS (transfers/s),Netty Service - IO - Read TPS (requests/s,Netty Service - IO - Write TPS (requests/s),Netty Service - IO - Discard TPS (requests/s),Netty Service - IO - Data reads per seconds (blocks/s),Netty Service - IO - Data writes per seconds (blocks/s),Netty Service - IO - Data discarded per seconds (blocks/s),Netty Service - Tasks created per second,Netty Service - Context switches per second,Netty Service - Unused directory cache entries,Netty Service - Number of file handles,Netty Service - Number of inode handlers,Netty Service - Number of pseudo-terminals,Netty Service - Network - Received packets/s,Netty Service - Network - Transmitted packets/s,Netty Service - Network - Received kB/s,Netty Service - Network - Transmitted kB/s,Netty Service - Network - Received compressed packets/s,Netty Service - Network - Transmitted compressed packets/s,Netty Service - Network - Received multicast packets/s,Netty Service - Network - Utilization (%),Netty Service - Task clock,Netty Service - Context switches,Netty Service - CPU Migrations,Netty Service - Page faults,JMeter Client - Run queue length,JMeter Client - Number of tasks,JMeter Client - System Load Average - Last 1 minute,JMeter Client - System Load Average - Last 5 minutes,JMeter Client - System Load Average - Last 15 minutes,JMeter Client - Blocked,JMeter Client - CPU - User (%),JMeter Client - CPU - Nice (%),JMeter Client - CPU - System (%),JMeter Client - CPU - I/O Wait (%),JMeter Client - CPU - Steal (%),JMeter Client - CPU - Idle (%),JMeter Client - Memory - Free (kB),JMeter Client - Memory - Available (kB),JMeter Client - Memory - Used (kB),JMeter Client - Memory - Used (%),JMeter Client - Memory - Buffers (kB),JMeter Client - Memory - Cached (kB),JMeter Client - Memory - Commit (kB),JMeter Client - Memory - Commit (%),JMeter Client - Memory - Active (kB),JMeter Client - Memory - Inactive (kB),JMeter Client - Memory - Dirty (kB),JMeter Client - Block Device - TPS (transfers/s),JMeter Client - Block Device - Read TPS (kB/s),JMeter Client - Block Device - Write TPS (kB/s),JMeter Client - Block Device - Discard TPS (kB/s),JMeter Client - Block Device - Average Request Size (kB),JMeter Client - Block Device - Average Queue Length,JMeter Client - Block Device - Average Time (ms),JMeter Client - Block Device - Utilization (%),JMeter Client - IO - TPS (transfers/s),JMeter Client - IO - Read TPS (requests/s,JMeter Client - IO - Write TPS (requests/s),JMeter Client - IO - Discard TPS (requests/s),JMeter Client - IO - Data reads per seconds (blocks/s),JMeter Client - IO - Data writes per seconds (blocks/s),JMeter Client - IO - Data discarded per seconds (blocks/s),JMeter Client - Tasks created per second,JMeter Client - Context switches per second,JMeter Client - Unused directory cache entries,JMeter Client - Number of file handles,JMeter Client - Number of inode handlers,JMeter Client - Number of pseudo-terminals,JMeter Client - Network - Received packets/s,JMeter Client - Network - Transmitted packets/s,JMeter Client - Network - Received kB/s,JMeter Client - Network - Transmitted kB/s,JMeter Client - Network - Received compressed packets/s,JMeter Client - Network - Transmitted compressed packets/s,JMeter Client - Network - Received multicast packets/s,JMeter Client - Network - Utilization (%),JMeter Server 1 - Run queue length,JMeter Server 1 - Number of tasks,JMeter Server 1 - System Load Average - Last 1 minute,JMeter Server 1 - System Load Average - Last 5 minutes,JMeter Server 1 - System Load Average - Last 15 minutes,JMeter Server 1 - Blocked,JMeter Server 1 - CPU - User (%),JMeter Server 1 - CPU - Nice (%),JMeter Server 1 - CPU - System (%),JMeter Server 1 - CPU - I/O Wait (%),JMeter Server 1 - CPU - Steal (%),JMeter Server 1 - CPU - Idle (%),JMeter Server 1 - Memory - Free (kB),JMeter Server 1 - Memory - Available (kB),JMeter Server 1 - Memory - Used (kB),JMeter Server 1 - Memory - Used (%),JMeter Server 1 - Memory - Buffers (kB),JMeter Server 1 - Memory - Cached (kB),JMeter Server 1 - Memory - Commit (kB),JMeter Server 1 - Memory - Commit (%),JMeter Server 1 - Memory - Active (kB),JMeter Server 1 - Memory - Inactive (kB),JMeter Server 1 - Memory - Dirty (kB),JMeter Server 1 - Block Device - TPS (transfers/s),JMeter Server 1 - Block Device - Read TPS (kB/s),JMeter Server 1 - Block Device - Write TPS (kB/s),JMeter Server 1 - Block Device - Discard TPS (kB/s),JMeter Server 1 - Block Device - Average Request Size (kB),JMeter Server 1 - Block Device - Average Queue Length,JMeter Server 1 - Block Device - Average Time (ms),JMeter Server 1 - Block Device - Utilization (%),JMeter Server 1 - IO - TPS (transfers/s),JMeter Server 1 - IO - Read TPS (requests/s,JMeter Server 1 - IO - Write TPS (requests/s),JMeter Server 1 - IO - Discard TPS (requests/s),JMeter Server 1 - IO - Data reads per seconds (blocks/s),JMeter Server 1 - IO - Data writes per seconds (blocks/s),JMeter Server 1 - IO - Data discarded per seconds (blocks/s),JMeter Server 1 - Tasks created per second,JMeter Server 1 - Context switches per second,JMeter Server 1 - Unused directory cache entries,JMeter Server 1 - Number of file handles,JMeter Server 1 - Number of inode handlers,JMeter Server 1 - Number of pseudo-terminals,JMeter Server 1 - Network - Received packets/s,JMeter Server 1 - Network - Transmitted packets/s,JMeter Server 1 - Network - Received kB/s,JMeter Server 1 - Network - Transmitted kB/s,JMeter Server 1 - Network - Received compressed packets/s,JMeter Server 1 - Network - Transmitted compressed packets/s,JMeter Server 1 - Network - Received multicast packets/s,JMeter Server 1 - Network - Utilization (%),JMeter Server 2 - Run queue length,JMeter Server 2 - Number of tasks,JMeter Server 2 - System Load Average - Last 1 minute,JMeter Server 2 - System Load Average - Last 5 minutes,JMeter Server 2 - System Load Average - Last 15 minutes,JMeter Server 2 - Blocked,JMeter Server 2 - CPU - User (%),JMeter Server 2 - CPU - Nice (%),JMeter Server 2 - CPU - System (%),JMeter Server 2 - CPU - I/O Wait (%),JMeter Server 2 - CPU - Steal (%),JMeter Server 2 - CPU - Idle (%),JMeter Server 2 - Memory - Free (kB),JMeter Server 2 - Memory - Available (kB),JMeter Server 2 - Memory - Used (kB),JMeter Server 2 - Memory - Used (%),JMeter Server 2 - Memory - Buffers (kB),JMeter Server 2 - Memory - Cached (kB),JMeter Server 2 - Memory - Commit (kB),JMeter Server 2 - Memory - Commit (%),JMeter Server 2 - Memory - Active (kB),JMeter Server 2 - Memory - Inactive (kB),JMeter Server 2 - Memory - Dirty (kB),JMeter Server 2 - Block Device - TPS (transfers/s),JMeter Server 2 - Block Device - Read TPS (kB/s),JMeter Server 2 - Block Device - Write TPS (kB/s),JMeter Server 2 - Block Device - Discard TPS (kB/s),JMeter Server 2 - Block Device - Average Request Size (kB),JMeter Server 2 - Block Device - Average Queue Length,JMeter Server 2 - Block Device - Average Time (ms),JMeter Server 2 - Block Device - Utilization (%),JMeter Server 2 - IO - TPS (transfers/s),JMeter Server 2 - IO - Read TPS (requests/s,JMeter Server 2 - IO - Write TPS (requests/s),JMeter Server 2 - IO - Discard TPS (requests/s),JMeter Server 2 - IO - Data reads per seconds (blocks/s),JMeter Server 2 - IO - Data writes per seconds (blocks/s),JMeter Server 2 - IO - Data discarded per seconds (blocks/s),JMeter Server 2 - Tasks created per second,JMeter Server 2 - Context switches per second,JMeter Server 2 - Unused directory cache entries,JMeter Server 2 - Number of file handles,JMeter Server 2 - Number of inode handlers,JMeter Server 2 - Number of pseudo-terminals,JMeter Server 2 - Network - Received packets/s,JMeter Server 2 - Network - Transmitted packets/s,JMeter Server 2 - Network - Received kB/s,JMeter Server 2 - Network - Transmitted kB/s,JMeter Server 2 - Network - Received compressed packets/s,JMeter Server 2 - Network - Transmitted compressed packets/s,JMeter Server 2 - Network - Received multicast packets/s,JMeter Server 2 - Network - Utilization (%)
XSLT Proxy,2G,100,500,0,HTTP Request,399024,1,0,1243.19,60.26,74,194.62,1,120100,77,116,144,181,208,291,869.26,931.17,97.35,2048,,,99.99,4096,,,99.97,2048,,,99.98,4096,12.5,2172.232,99.97,4096,12.5,2172.232,N/A,N/A,N/A,N/A,N/A,N/A,N/A,N/A,N/A,N/A,N/A,N/A,N/A,N/A,N/A,N/A,N/A,N/A,N/A,N/A,N/A,N/A,N/A,N/A,N/A,N/A,N/A,N/A,N/A,N/A,N/A,N/A,N/A,N/A,N/A,N/A,N/A,N/A,N/A,N/A,N/A,N/A,N/A,N/A,N/A,N/A,N/A,N/A,N/A,N/A,N/A,N/A,N/A,N/A,N/A,N/A,N/A,N/A,N/A,N/A,N/A,N/A,N/A,N/A,N/A,N/A,N/A,N/A,N/A,N/A,N/A,N/A,N/A,N/A,N/A,N/A,N/A,N/A,N/A,N/A,N/A,N/A,N/A,N/A,N/A,N/A,N/A,N/A,N/A,N/A,N/A,N/A,N/A,N/A,N/A,N/A,N/A,N/A,N/A,N/A,N/A,N/A,N/A,N/A,N/A,N/A,N/A,N/A,19679.42,455120,35699,269641,N/A,N/A,N/A,N/A,N/A,N/A,N/A,N/A,N/A,N/A,N/A,N/A,N/A,N/A,N/A,N/A,N/A,N/A,N/A,N/A,N/A,N/A,N/A,N/A,N/A,N/A,N/A,N/A,N/A,N/A,N/A,N/A,N/A,N/A,N/A,N/A,N/A,N/A,N/A,N/A,N/A,N/A,N/A,N/A,N/A,N/A,N/A,N/A,N/A,N/A,N/A,N/A,N/A,N/A,N/A,N/A,N/A,N/A,N/A,N/A,N/A,N/A,N/A,N/A,N/A,N/A,N/A,N/A,N/A,N/A,N/A,N/A,N/A,N/A,N/A,N/A,N/A,N/A,N/A,N/A,N/A,N/A,N/A,N/A,N/A,N/A,N/A,N/A,N/A,N/A,N/A,N/A,N/A,N/A,N/A,N/A,N/A,N/A,N/A,N/A,N/A,N/A,N/A,N/A,N/A,N/A,N/A,N/A,N/A,N/A,N/A,N/A,N/A,N/A,N/A,N/A,N/A,N/A,N/A,N/A,N/A,N/A,N/A,N/A,N/A,N/A,N/A,N/A,N/A,N/A,N/A,N/A,N/A,N/A,N/A,N/A,N/A,N/A,N/A,N/A,N/A,N/A,N/A,N/A,N/A,N/A,N/A,N/A,N/A,N/A,N/A,N/A,N/A,N/A,N/A,N/A
XSLT Proxy,2G,100,1000,0,HTTP Request,365319,1,0,1025.8,65.86,67,203.58,1,120046,85,126,155,192,220,315,1195.1,1251.19,N/A,N/A,N/A,N/A,99.98,4096,,,99.97,2048,,,99.98,4096,11.5,724.077,99.98,4096,11.5,724.077,N/A,N/A,N/A,N/A,N/A,N/A,N/A,N/A,N/A,N/A,N/A,N/A,N/A,N/A,N/A,N/A,N/A,N/A,N/A,N/A,N/A,N/A,N/A,N/A,N/A,N/A,N/A,N/A,N/A,N/A,N/A,N/A,N/A,N/A,N/A,N/A,N/A,N/A,N/A,N/A,N/A,N/A,N/A,N/A,N/A,N/A,N/A,N/A,N/A,N/A,N/A,N/A,N/A,N/A,N/A,N/A,N/A,N/A,N/A,N/A,N/A,N/A,N/A,N/A,N/A,N/A,N/A,N/A,N/A,N/A,N/A,N/A,N/A,N/A,N/A,N/A,N/A,N/A,N/A,N/A,N/A,N/A,N/A,N/A,N/A,N/A,N/A,N/A,N/A,N/A,N/A,N/A,N/A,N/A,N/A,N/A,N/A,N/A,N/A,N/A,N/A,N/A,N/A,N/A,N/A,N/A,N/A,N/A,22163.71,440583,49542,294205,N/A,N/A,N/A,N/A,N/A,N/A,N/A,N/A,N/A,N/A,N/A,N/A,N/A,N/A,N/A,N/A,N/A,N/A,N/A,N/A,N/A,N/A,N/A,N/A,N/A,N/A,N/A,N/A,N/A,N/A,N/A,N/A,N/A,N/A,N/A,N/A,N/A,N/A,N/A,N/A,N/A,N/A,N/A,N/A,N/A,N/A,N/A,N/A,N/A,N/A,N/A,N/A,N/A,N/A,N/A,N/A,N/A,N/A,N/A,N/A,N/A,N/A,N/A,N/A,N/A,N/A,N/A,N/A,N/A,N/A,N/A,N/A,N/A,N/A,N/A,N/A,N/A,N/A,N/A,N/A,N/A,N/A,N/A,N/A,N/A,N/A,N/A,N/A,N/A,N/A,N/A,N/A,N/A,N/A,N/A,N/A,N/A,N/A,N/A,N/A,N/A,N/A,N/A,N/A,N/A,N/A,N/A,N/A,N/A,N/A,N/A,N/A,N/A,N/A,N/A,N/A,N/A,N/A,N/A,N/A,N/A,N/A,N/A,N/A,N/A,N/A,N/A,N/A,N/A,N/A,N/A,N/A,N/A,N/A,N/A,N/A,N/A,N/A,N/A,N/A,N/A,N/A,N/A,N/A,N/A,N/A,N/A,N/A,N/A,N/A,N/A,N/A,N/A,N/A,N/A,N/A
XSLT Proxy,2G,100,10000,0,HTTP Request,75922,0,0,316.29,316.04,99,173,4,1427,421,547,635,743,807,1003,3127.36,3170.91,N/A,N/A,N/A,N/A,0,4096,,,99.98,2048,,,99.98,4096,11.5,724.077,99.98,4096,11.5,724.077,N/A,N/A,N/A,N/A,N/A,N/A,N/A,N/A,N/A,N/A,N/A,N/A,N/A,N/A,N/A,N/A,N/A,N/A,N/A,N/A,N/A,N/A,N/A,N/A,N/A,N/A,N/A,N/A,N/A,N/A,N/A,N/A,N/A,N/A,N/A,N/A,N/A,N/A,N/A,N/A,N/A,N/A,N/A,N/A,N/A,N/A,N/A,N/A,N/A,N/A,N/A,N/A,N/A,N/A,N/A,N/A,N/A,N/A,N/A,N/A,N/A,N/A,N/A,N/A,N/A,N/A,N/A,N/A,N/A,N/A,N/A,N/A,N/A,N/A,N/A,N/A,N/A,N/A,N/A,N/A,N/A,N/A,N/A,N/A,N/A,N/A,N/A,N/A,N/A,N/A,N/A,N/A,N/A,N/A,N/A,N/A,N/A,N/A,N/A,N/A,N/A,N/A,N/A,N/A,N/A,N/A,N/A,N/A,11053.17,108600,10877,90894,N/A,N/A,N/A,N/A,N/A,N/A,N/A,N/A,N/A,N/A,N/A,N/A,N/A,N/A,N/A,N/A,N/A,N/A,N/A,N/A,N/A,N/A,N/A,N/A,N/A,N/A,N/A,N/A,N/A,N/A,N/A,N/A,N/A,N/A,N/A,N/A,N/A,N/A,N/A,N/A,N/A,N/A,N/A,N/A,N/A,N/A,N/A,N/A,N/A,N/A,N/A,N/A,N/A,N/A,N/A,N/A,N/A,N/A,N/A,N/A,N/A,N/A,N/A,N/A,N/A,N/A,N/A,N/A,N/A,N/A,N/A,N/A,N/A,N/A,N/A,N/A,N/A,N/A,N/A,N/A,N/A,N/A,N/A,N/A,N/A,N/A,N/A,N/A,N/A,N/A,N/A,N/A,N/A,N/A,N/A,N/A,N/A,N/A,N/A,N/A,N/A,N/A,N/A,N/A,N/A,N/A,N/A,N/A,N/A,N/A,N/A,N/A,N/A,N/A,N/A,N/A,N/A,N/A,N/A,N/A,N/A,N/A,N/A,N/A,N/A,N/A,N/A,N/A,N/A,N/A,N/A,N/A,N/A,N/A,N/A,N/A,N/A,N/A,N/A,N/A,N/A,N/A,N/A,N/A,N/A,N/A,N/A,N/A,N/A,N/A,N/A,N/A,N/A,N/A,N/A,N/A
XSLT Proxy,2G,100,100000,0,HTTP Request,6087,0,0,25.12,3935.8,98,454.99,2249,5752,4255,4511,4671,4863,4991,5311,2435.66,2458.65,N/A,N/A,N/A,N/A,∞,-2199023255552,,,99.97,2048,,,99.98,4096,11.5,724.077,99.98,4096,11.5,724.077,N/A,N/A,N/A,N/A,N/A,N/A,N/A,N/A,N/A,N/A,N/A,N/A,N/A,N/A,N/A,N/A,N/A,N/A,N/A,N/A,N/A,N/A,N/A,N/A,N/A,N/A,N/A,N/A,N/A,N/A,N/A,N/A,N/A,N/A,N/A,N/A,N/A,N/A,N/A,N/A,N/A,N/A,N/A,N/A,N/A,N/A,N/A,N/A,N/A,N/A,N/A,N/A,N/A,N/A,N/A,N/A,N/A,N/A,N/A,N/A,N/A,N/A,N/A,N/A,N/A,N/A,N/A,N/A,N/A,N/A,N/A,N/A,N/A,N/A,N/A,N/A,N/A,N/A,N/A,N/A,N/A,N/A,N/A,N/A,N/A,N/A,N/A,N/A,N/A,N/A,N/A,N/A,N/A,N/A,N/A,N/A,N/A,N/A,N/A,N/A,N/A,N/A,N/A,N/A,N/A,N/A,N/A,N/A,6656.73,98132,2872,56330,N/A,N/A,N/A,N/A,N/A,N/A,N/A,N/A,N/A,N/A,N/A,N/A,N/A,N/A,N/A,N/A,N/A,N/A,N/A,N/A,N/A,N/A,N/A,N/A,N/A,N/A,N/A,N/A,N/A,N/A,N/A,N/A,N/A,N/A,N/A,N/A,N/A,N/A,N/A,N/A,N/A,N/A,N/A,N/A,N/A,N/A,N/A,N/A,N/A,N/A,N/A,N/A,N/A,N/A,N/A,N/A,N/A,N/A,N/A,N/A,N/A,N/A,N/A,N/A,N/A,N/A,N/A,N/A,N/A,N/A,N/A,N/A,N/A,N/A,N/A,N/A,N/A,N/A,N/A,N/A,N/A,N/A,N/A,N/A,N/A,N/A,N/A,N/A,N/A,N/A,N/A,N/A,N/A,N/A,N/A,N/A,N/A,N/A,N/A,N/A,N/A,N/A,N/A,N/A,N/A,N/A,N/A,N/A,N/A,N/A,N/A,N/A,N/A,N/A,N/A,N/A,N/A,N/A,N/A,N/A,N/A,N/A,N/A,N/A,N/A,N/A,N/A,N/A,N/A,N/A,N/A,N/A,N/A,N/A,N/A,N/A,N/A,N/A,N/A,N/A,N/A,N/A,N/A,N/A,N/A,N/A,N/A,N/A,N/A,N/A,N/A,N/A,N/A,N/A,N/A,N/A
XSLT Proxy,2G,200,500,0,HTTP Request,457456,0,0,1905.53,104.84,199,61.33,1,666,133,185,224,275,309,431,1332.38,1427.28,N/A,N/A,N/A,N/A,99.98,4096,,,99.97,2048,,,99.97,4096,11.5,724.077,99.97,4096,11.5,724.077,N/A,N/A,N/A,N/A,N/A,N/A,N/A,N/A,N/A,N/A,N/A,N/A,N/A,N/A,N/A,N/A,N/A,N/A,N/A,N/A,N/A,N/A,N/A,N/A,N/A,N/A,N/A,N/A,N/A,N/A,N/A,N/A,N/A,N/A,N/A,N/A,N/A,N/A,N/A,N/A,N/A,N/A,N/A,N/A,N/A,N/A,N/A,N/A,N/A,N/A,N/A,N/A,N/A,N/A,N/A,N/A,N/A,N/A,N/A,N/A,N/A,N/A,N/A,N/A,N/A,N/A,N/A,N/A,N/A,N/A,N/A,N/A,N/A,N/A,N/A,N/A,N/A,N/A,N/A,N/A,N/A,N/A,N/A,N/A,N/A,N/A,N/A,N/A,N/A,N/A,N/A,N/A,N/A,N/A,N/A,N/A,N/A,N/A,N/A,N/A,N/A,N/A,N/A,N/A,N/A,N/A,N/A,N/A,23363.00,566672,86778,389132,N/A,N/A,N/A,N/A,N/A,N/A,N/A,N/A,N/A,N/A,N/A,N/A,N/A,N/A,N/A,N/A,N/A,N/A,N/A,N/A,N/A,N/A,N/A,N/A,N/A,N/A,N/A,N/A,N/A,N/A,N/A,N/A,N/A,N/A,N/A,N/A,N/A,N/A,N/A,N/A,N/A,N/A,N/A,N/A,N/A,N/A,N/A,N/A,N/A,N/A,N/A,N/A,N/A,N/A,N/A,N/A,N/A,N/A,N/A,N/A,N/A,N/A,N/A,N/A,N/A,N/A,N/A,N/A,N/A,N/A,N/A,N/A,N/A,N/A,N/A,N/A,N/A,N/A,N/A,N/A,N/A,N/A,N/A,N/A,N/A,N/A,N/A,N/A,N/A,N/A,N/A,N/A,N/A,N/A,N/A,N/A,N/A,N/A,N/A,N/A,N/A,N/A,N/A,N/A,N/A,N/A,N/A,N/A,N/A,N/A,N/A,N/A,N/A,N/A,N/A,N/A,N/A,N/A,N/A,N/A,N/A,N/A,N/A,N/A,N/A,N/A,N/A,N/A,N/A,N/A,N/A,N/A,N/A,N/A,N/A,N/A,N/A,N/A,N/A,N/A,N/A,N/A,N/A,N/A,N/A,N/A,N/A,N/A,N/A,N/A,N/A,N/A,N/A,N/A,N/A,N/A
XSLT Proxy,2G,200,1000,0,HTTP Request,369191,1,0,1537.67,129.94,199,210.75,2,120023,167,228,271,327,365,515,1791.46,1875.54,N/A,N/A,N/A,N/A,99.98,4096,,,99.98,2048,,,99.97,4096,11.5,724.077,99.97,4096,11.5,724.077,N/A,N/A,N/A,N/A,N/A,N/A,N/A,N/A,N/A,N/A,N/A,N/A,N/A,N/A,N/A,N/A,N/A,N/A,N/A,N/A,N/A,N/A,N/A,N/A,N/A,N/A,N/A,N/A,N/A,N/A,N/A,N/A,N/A,N/A,N/A,N/A,N/A,N/A,N/A,N/A,N/A,N/A,N/A,N/A,N/A,N/A,N/A,N/A,N/A,N/A,N/A,N/A,N/A,N/A,N/A,N/A,N/A,N/A,N/A,N/A,N/A,N/A,N/A,N/A,N/A,N/A,N/A,N/A,N/A,N/A,N/A,N/A,N/A,N/A,N/A,N/A,N/A,N/A,N/A,N/A,N/A,N/A,N/A,N/A,N/A,N/A,N/A,N/A,N/A,N/A,N/A,N/A,N/A,N/A,N/A,N/A,N/A,N/A,N/A,N/A,N/A,N/A,N/A,N/A,N/A,N/A,N/A,N/A,19551.38,451965,60757,293535,N/A,N/A,N/A,N/A,N/A,N/A,N/A,N/A,N/A,N/A,N/A,N/A,N/A,N/A,N/A,N/A,N/A,N/A,N/A,N/A,N/A,N/A,N/A,N/A,N/A,N/A,N/A,N/A,N/A,N/A,N/A,N/A,N/A,N/A,N/A,N/A,N/A,N/A,N/A,N/A,N/A,N/A,N/A,N/A,N/A,N/A,N/A,N/A,N/A,N/A,N/A,N/A,N/A,N/A,N/A,N/A,N/A,N/A,N/A,N/A,N/A,N/A,N/A,N/A,N/A,N/A,N/A,N/A,N/A,N/A,N/A,N/A,N/A,N/A,N/A,N/A,N/A,N/A,N/A,N/A,N/A,N/A,N/A,N/A,N/A,N/A,N/A,N/A,N/A,N/A,N/A,N/A,N/A,N/A,N/A,N/A,N/A,N/A,N/A,N/A,N/A,N/A,N/A,N/A,N/A,N/A,N/A,N/A,N/A,N/A,N/A,N/A,N/A,N/A,N/A,N/A,N/A,N/A,N/A,N/A,N/A,N/A,N/A,N/A,N/A,N/A,N/A,N/A,N/A,N/A,N/A,N/A,N/A,N/A,N/A,N/A,N/A,N/A,N/A,N/A,N/A,N/A,N/A,N/A,N/A,N/A,N/A,N/A,N/A,N/A,N/A,N/A,N/A,N/A,N/A,N/A
XSLT Proxy,2G,200,10000,0,HTTP Request,70912,0,0,295.09,676.96,199,274.67,8,2180,847,1047,1175,1319,1431,1759,2917.74,2958.37,N/A,N/A,N/A,N/A,0,4096,,,99.98,2048,,,99.97,4096,11.5,724.077,99.97,4096,11.5,724.077,N/A,N/A,N/A,N/A,N/A,N/A,N/A,N/A,N/A,N/A,N/A,N/A,N/A,N/A,N/A,N/A,N/A,N/A,N/A,N/A,N/A,N/A,N/A,N/A,N/A,N/A,N/A,N/A,N/A,N/A,N/A,N/A,N/A,N/A,N/A,N/A,N/A,N/A,N/A,N/A,N/A,N/A,N/A,N/A,N/A,N/A,N/A,N/A,N/A,N/A,N/A,N/A,N/A,N/A,N/A,N/A,N/A,N/A,N/A,N/A,N/A,N/A,N/A,N/A,N/A,N/A,N/A,N/A,N/A,N/A,N/A,N/A,N/A,N/A,N/A,N/A,N/A,N/A,N/A,N/A,N/A,N/A,N/A,N/A,N/A,N/A,N/A,N/A,N/A,N/A,N/A,N/A,N/A,N/A,N/A,N/A,N/A,N/A,N/A,N/A,N/A,N/A,N/A,N/A,N/A,N/A,N/A,N/A,9191.75,112735,11032,90557,N/A,N/A,N/A,N/A,N/A,N/A,N/A,N/A,N/A,N/A,N/A,N/A,N/A,N/A,N/A,N/A,N/A,N/A,N/A,N/A,N/A,N/A,N/A,N/A,N/A,N/A,N/A,N/A,N/A,N/A,N/A,N/A,N/A,N/A,N/A,N/A,N/A,N/A,N/A,N/A,N/A,N/A,N/A,N/A,N/A,N/A,N/A,N/A,N/A,N/A,N/A,N/A,N/A,N/A,N/A,N/A,N/A,N/A,N/A,N/A,N/A,N/A,N/A,N/A,N/A,N/A,N/A,N/A,N/A,N/A,N/A,N/A,N/A,N/A,N/A,N/A,N/A,N/A,N/A,N/A,N/A,N/A,N/A,N/A,N/A,N/A,N/A,N/A,N/A,N/A,N/A,N/A,N/A,N/A,N/A,N/A,N/A,N/A,N/A,N/A,N/A,N/A,N/A,N/A,N/A,N/A,N/A,N/A,N/A,N/A,N/A,N/A,N/A,N/A,N/A,N/A,N/A,N/A,N/A,N/A,N/A,N/A,N/A,N/A,N/A,N/A,N/A,N/A,N/A,N/A,N/A,N/A,N/A,N/A,N/A,N/A,N/A,N/A,N/A,N/A,N/A,N/A,N/A,N/A,N/A,N/A,N/A,N/A,N/A,N/A,N/A,N/A,N/A,N/A,N/A,N/A
XSLT Proxy,2G,200,100000,0,HTTP Request,5748,0,0,23.4,8388.57,196,918.6,5343,11608,9023,9599,9983,10303,10623,11391,2269.49,2290.92,N/A,N/A,N/A,N/A,∞,-2199023255552,,,99.98,2048,,,99.97,4096,11.5,724.077,99.97,4096,11.5,724.077,N/A,N/A,N/A,N/A,N/A,N/A,N/A,N/A,N/A,N/A,N/A,N/A,N/A,N/A,N/A,N/A,N/A,N/A,N/A,N/A,N/A,N/A,N/A,N/A,N/A,N/A,N/A,N/A,N/A,N/A,N/A,N/A,N/A,N/A,N/A,N/A,N/A,N/A,N/A,N/A,N/A,N/A,N/A,N/A,N/A,N/A,N/A,N/A,N/A,N/A,N/A,N/A,N/A,N/A,N/A,N/A,N/A,N/A,N/A,N/A,N/A,N/A,N/A,N/A,N/A,N/A,N/A,N/A,N/A,N/A,N/A,N/A,N/A,N/A,N/A,N/A,N/A,N/A,N/A,N/A,N/A,N/A,N/A,N/A,N/A,N/A,N/A,N/A,N/A,N/A,N/A,N/A,N/A,N/A,N/A,N/A,N/A,N/A,N/A,N/A,N/A,N/A,N/A,N/A,N/A,N/A,N/A,N/A,6413.36,94582,5832,59938,N/A,N/A,N/A,N/A,N/A,N/A,N/A,N/A,N/A,N/A,N/A,N/A,N/A,N/A,N/A,N/A,N/A,N/A,N/A,N/A,N/A,N/A,N/A,N/A,N/A,N/A,N/A,N/A,N/A,N/A,N/A,N/A,N/A,N/A,N/A,N/A,N/A,N/A,N/A,N/A,N/A,N/A,N/A,N/A,N/A,N/A,N/A,N/A,N/A,N/A,N/A,N/A,N/A,N/A,N/A,N/A,N/A,N/A,N/A,N/A,N/A,N/A,N/A,N/A,N/A,N/A,N/A,N/A,N/A,N/A,N/A,N/A,N/A,N/A,N/A,N/A,N/A,N/A,N/A,N/A,N/A,N/A,N/A,N/A,N/A,N/A,N/A,N/A,N/A,N/A,N/A,N/A,N/A,N/A,N/A,N/A,N/A,N/A,N/A,N/A,N/A,N/A,N/A,N/A,N/A,N/A,N/A,N/A,N/A,N/A,N/A,N/A,N/A,N/A,N/A,N/A,N/A,N/A,N/A,N/A,N/A,N/A,N/A,N/A,N/A,N/A,N/A,N/A,N/A,N/A,N/A,N/A,N/A,N/A,N/A,N/A,N/A,N/A,N/A,N/A,N/A,N/A,N/A,N/A,N/A,N/A,N/A,N/A,N/A,N/A,N/A,N/A,N/A,N/A,N/A,N/A
XSLT Proxy,2G,500,500,0,HTTP Request,439016,0,0,1827.17,273.41,499,120.25,4,1127,339,435,497,575,635,811,1277.59,1368.59,N/A,N/A,N/A,N/A,99.98,4096,,,99.97,2048,,,99.96,4096,12,1448.155,99.95,4096,12,1448.155,N/A,N/A,N/A,N/A,N/A,N/A,N/A,N/A,N/A,N/A,N/A,N/A,N/A,N/A,N/A,N/A,N/A,N/A,N/A,N/A,N/A,N/A,N/A,N/A,N/A,N/A,N/A,N/A,N/A,N/A,N/A,N/A,N/A,N/A,N/A,N/A,N/A,N/A,N/A,N/A,N/A,N/A,N/A,N/A,N/A,N/A,N/A,N/A,N/A,N/A,N/A,N/A,N/A,N/A,N/A,N/A,N/A,N/A,N/A,N/A,N/A,N/A,N/A,N/A,N/A,N/A,N/A,N/A,N/A,N/A,N/A,N/A,N/A,N/A,N/A,N/A,N/A,N/A,N/A,N/A,N/A,N/A,N/A,N/A,N/A,N/A,N/A,N/A,N/A,N/A,N/A,N/A,N/A,N/A,N/A,N/A,N/A,N/A,N/A,N/A,N/A,N/A,N/A,N/A,N/A,N/A,N/A,N/A,22794.40,569133,94870,315348,N/A,N/A,N/A,N/A,N/A,N/A,N/A,N/A,N/A,N/A,N/A,N/A,N/A,N/A,N/A,N/A,N/A,N/A,N/A,N/A,N/A,N/A,N/A,N/A,N/A,N/A,N/A,N/A,N/A,N/A,N/A,N/A,N/A,N/A,N/A,N/A,N/A,N/A,N/A,N/A,N/A,N/A,N/A,N/A,N/A,N/A,N/A,N/A,N/A,N/A,N/A,N/A,N/A,N/A,N/A,N/A,N/A,N/A,N/A,N/A,N/A,N/A,N/A,N/A,N/A,N/A,N/A,N/A,N/A,N/A,N/A,N/A,N/A,N/A,N/A,N/A,N/A,N/A,N/A,N/A,N/A,N/A,N/A,N/A,N/A,N/A,N/A,N/A,N/A,N/A,N/A,N/A,N/A,N/A,N/A,N/A,N/A,N/A,N/A,N/A,N/A,N/A,N/A,N/A,N/A,N/A,N/A,N/A,N/A,N/A,N/A,N/A,N/A,N/A,N/A,N/A,N/A,N/A,N/A,N/A,N/A,N/A,N/A,N/A,N/A,N/A,N/A,N/A,N/A,N/A,N/A,N/A,N/A,N/A,N/A,N/A,N/A,N/A,N/A,N/A,N/A,N/A,N/A,N/A,N/A,N/A,N/A,N/A,N/A,N/A,N/A,N/A,N/A,N/A,N/A,N/A
XSLT Proxy,2G,500,1000,0,HTTP Request,349256,0,0,1454.02,343.68,499,148.98,2,1317,429,543,615,711,783,999,1693.98,1773.5,N/A,N/A,N/A,N/A,99.99,4096,,,99.97,2048,,,99.96,4096,12,1448.155,99.96,4096,12,1448.155,N/A,N/A,N/A,N/A,N/A,N/A,N/A,N/A,N/A,N/A,N/A,N/A,N/A,N/A,N/A,N/A,N/A,N/A,N/A,N/A,N/A,N/A,N/A,N/A,N/A,N/A,N/A,N/A,N/A,N/A,N/A,N/A,N/A,N/A,N/A,N/A,N/A,N/A,N/A,N/A,N/A,N/A,N/A,N/A,N/A,N/A,N/A,N/A,N/A,N/A,N/A,N/A,N/A,N/A,N/A,N/A,N/A,N/A,N/A,N/A,N/A,N/A,N/A,N/A,N/A,N/A,N/A,N/A,N/A,N/A,N/A,N/A,N/A,N/A,N/A,N/A,N/A,N/A,N/A,N/A,N/A,N/A,N/A,N/A,N/A,N/A,N/A,N/A,N/A,N/A,N/A,N/A,N/A,N/A,N/A,N/A,N/A,N/A,N/A,N/A,N/A,N/A,N/A,N/A,N/A,N/A,N/A,N/A,20242.90,445497,73426,218065,N/A,N/A,N/A,N/A,N/A,N/A,N/A,N/A,N/A,N/A,N/A,N/A,N/A,N/A,N/A,N/A,N/A,N/A,N/A,N/A,N/A,N/A,N/A,N/A,N/A,N/A,N/A,N/A,N/A,N/A,N/A,N/A,N/A,N/A,N/A,N/A,N/A,N/A,N/A,N/A,N/A,N/A,N/A,N/A,N/A,N/A,N/A,N/A,N/A,N/A,N/A,N/A,N/A,N/A,N/A,N/A,N/A,N/A,N/A,N/A,N/A,N/A,N/A,N/A,N/A,N/A,N/A,N/A,N/A,N/A,N/A,N/A,N/A,N/A,N/A,N/A,N/A,N/A,N/A,N/A,N/A,N/A,N/A,N/A,N/A,N/A,N/A,N/A,N/A,N/A,N/A,N/A,N/A,N/A,N/A,N/A,N/A,N/A,N/A,N/A,N/A,N/A,N/A,N/A,N/A,N/A,N/A,N/A,N/A,N/A,N/A,N/A,N/A,N/A,N/A,N/A,N/A,N/A,N/A,N/A,N/A,N/A,N/A,N/A,N/A,N/A,N/A,N/A,N/A,N/A,N/A,N/A,N/A,N/A,N/A,N/A,N/A,N/A,N/A,N/A,N/A,N/A,N/A,N/A,N/A,N/A,N/A,N/A,N/A,N/A,N/A,N/A,N/A,N/A,N/A,N/A
XSLT Proxy,2G,500,10000,0,HTTP Request,57282,0,0,237.26,2093.77,496,552.55,67,4637,2447,2815,3023,3391,3631,4287,2345.99,2378.66,N/A,N/A,N/A,N/A,0,4096,,,99.96,2048,,,99.97,4096,12,1448.155,99.97,4096,12,1448.155,N/A,N/A,N/A,N/A,N/A,N/A,N/A,N/A,N/A,N/A,N/A,N/A,N/A,N/A,N/A,N/A,N/A,N/A,N/A,N/A,N/A,N/A,N/A,N/A,N/A,N/A,N/A,N/A,N/A,N/A,N/A,N/A,N/A,N/A,N/A,N/A,N/A,N/A,N/A,N/A,N/A,N/A,N/A,N/A,N/A,N/A,N/A,N/A,N/A,N/A,N/A,N/A,N/A,N/A,N/A,N/A,N/A,N/A,N/A,N/A,N/A,N/A,N/A,N/A,N/A,N/A,N/A,N/A,N/A,N/A,N/A,N/A,N/A,N/A,N/A,N/A,N/A,N/A,N/A,N/A,N/A,N/A,N/A,N/A,N/A,N/A,N/A,N/A,N/A,N/A,N/A,N/A,N/A,N/A,N/A,N/A,N/A,N/A,N/A,N/A,N/A,N/A,N/A,N/A,N/A,N/A,N/A,N/A,8998.68,99574,13843,87312,N/A,N/A,N/A,N/A,N/A,N/A,N/A,N/A,N/A,N/A,N/A,N/A,N/A,N/A,N/A,N/A,N/A,N/A,N/A,N/A,N/A,N/A,N/A,N/A,N/A,N/A,N/A,N/A,N/A,N/A,N/A,N/A,N/A,N/A,N/A,N/A,N/A,N/A,N/A,N/A,N/A,N/A,N/A,N/A,N/A,N/A,N/A,N/A,N/A,N/A,N/A,N/A,N/A,N/A,N/A,N/A,N/A,N/A,N/A,N/A,N/A,N/A,N/A,N/A,N/A,N/A,N/A,N/A,N/A,N/A,N/A,N/A,N/A,N/A,N/A,N/A,N/A,N/A,N/A,N/A,N/A,N/A,N/A,N/A,N/A,N/A,N/A,N/A,N/A,N/A,N/A,N/A,N/A,N/A,N/A,N/A,N/A,N/A,N/A,N/A,N/A,N/A,N/A,N/A,N/A,N/A,N/A,N/A,N/A,N/A,N/A,N/A,N/A,N/A,N/A,N/A,N/A,N/A,N/A,N/A,N/A,N/A,N/A,N/A,N/A,N/A,N/A,N/A,N/A,N/A,N/A,N/A,N/A,N/A,N/A,N/A,N/A,N/A,N/A,N/A,N/A,N/A,N/A,N/A,N/A,N/A,N/A,N/A,N/A,N/A,N/A,N/A,N/A,N/A,N/A,N/A
XSLT Proxy,2G,500,100000,0,HTTP Request,5287,0,0,21.11,22301,470,3098.57,11004,35847,24319,26111,27391,28799,29823,33279,2047.25,2066.56,N/A,N/A,N/A,N/A,∞,-2199023255552,,,99.98,2048,,,99.97,4096,12,1448.155,99.97,4096,11.5,724.077,N/A,N/A,N/A,N/A,N/A,N/A,N/A,N/A,N/A,N/A,N/A,N/A,N/A,N/A,N/A,N/A,N/A,N/A,N/A,N/A,N/A,N/A,N/A,N/A,N/A,N/A,N/A,N/A,N/A,N/A,N/A,N/A,N/A,N/A,N/A,N/A,N/A,N/A,N/A,N/A,N/A,N/A,N/A,N/A,N/A,N/A,N/A,N/A,N/A,N/A,N/A,N/A,N/A,N/A,N/A,N/A,N/A,N/A,N/A,N/A,N/A,N/A,N/A,N/A,N/A,N/A,N/A,N/A,N/A,N/A,N/A,N/A,N/A,N/A,N/A,N/A,N/A,N/A,N/A,N/A,N/A,N/A,N/A,N/A,N/A,N/A,N/A,N/A,N/A,N/A,N/A,N/A,N/A,N/A,N/A,N/A,N/A,N/A,N/A,N/A,N/A,N/A,N/A,N/A,N/A,N/A,N/A,N/A,6351.61,89775,6675,56829,N/A,N/A,N/A,N/A,N/A,N/A,N/A,N/A,N/A,N/A,N/A,N/A,N/A,N/A,N/A,N/A,N/A,N/A,N/A,N/A,N/A,N/A,N/A,N/A,N/A,N/A,N/A,N/A,N/A,N/A,N/A,N/A,N/A,N/A,N/A,N/A,N/A,N/A,N/A,N/A,N/A,N/A,N/A,N/A,N/A,N/A,N/A,N/A,N/A,N/A,N/A,N/A,N/A,N/A,N/A,N/A,N/A,N/A,N/A,N/A,N/A,N/A,N/A,N/A,N/A,N/A,N/A,N/A,N/A,N/A,N/A,N/A,N/A,N/A,N/A,N/A,N/A,N/A,N/A,N/A,N/A,N/A,N/A,N/A,N/A,N/A,N/A,N/A,N/A,N/A,N/A,N/A,N/A,N/A,N/A,N/A,N/A,N/A,N/A,N/A,N/A,N/A,N/A,N/A,N/A,N/A,N/A,N/A,N/A,N/A,N/A,N/A,N/A,N/A,N/A,N/A,N/A,N/A,N/A,N/A,N/A,N/A,N/A,N/A,N/A,N/A,N/A,N/A,N/A,N/A,N/A,N/A,N/A,N/A,N/A,N/A,N/A,N/A,N/A,N/A,N/A,N/A,N/A,N/A,N/A,N/A,N/A,N/A,N/A,N/A,N/A,N/A,N/A,N/A,N/A,N/A
XSLT Proxy,2G,1000,500,0,HTTP Request,373776,0,0,1553.99,642.64,998,266.61,49,2946,775,951,1095,1415,1639,2079,1086.58,1163.97,N/A,N/A,N/A,N/A,99.98,4096,,,99.98,2048,,,99.95,4096,12,1448.155,99.95,4096,12.5,2172.232,N/A,N/A,N/A,N/A,N/A,N/A,N/A,N/A,N/A,N/A,N/A,N/A,N/A,N/A,N/A,N/A,N/A,N/A,N/A,N/A,N/A,N/A,N/A,N/A,N/A,N/A,N/A,N/A,N/A,N/A,N/A,N/A,N/A,N/A,N/A,N/A,N/A,N/A,N/A,N/A,N/A,N/A,N/A,N/A,N/A,N/A,N/A,N/A,N/A,N/A,N/A,N/A,N/A,N/A,N/A,N/A,N/A,N/A,N/A,N/A,N/A,N/A,N/A,N/A,N/A,N/A,N/A,N/A,N/A,N/A,N/A,N/A,N/A,N/A,N/A,N/A,N/A,N/A,N/A,N/A,N/A,N/A,N/A,N/A,N/A,N/A,N/A,N/A,N/A,N/A,N/A,N/A,N/A,N/A,N/A,N/A,N/A,N/A,N/A,N/A,N/A,N/A,N/A,N/A,N/A,N/A,N/A,N/A,21010.76,502174,88492,259072,N/A,N/A,N/A,N/A,N/A,N/A,N/A,N/A,N/A,N/A,N/A,N/A,N/A,N/A,N/A,N/A,N/A,N/A,N/A,N/A,N/A,N/A,N/A,N/A,N/A,N/A,N/A,N/A,N/A,N/A,N/A,N/A,N/A,N/A,N/A,N/A,N/A,N/A,N/A,N/A,N/A,N/A,N/A,N/A,N/A,N/A,N/A,N/A,N/A,N/A,N/A,N/A,N/A,N/A,N/A,N/A,N/A,N/A,N/A,N/A,N/A,N/A,N/A,N/A,N/A,N/A,N/A,N/A,N/A,N/A,N/A,N/A,N/A,N/A,N/A,N/A,N/A,N/A,N/A,N/A,N/A,N/A,N/A,N/A,N/A,N/A,N/A,N/A,N/A,N/A,N/A,N/A,N/A,N/A,N/A,N/A,N/A,N/A,N/A,N/A,N/A,N/A,N/A,N/A,N/A,N/A,N/A,N/A,N/A,N/A,N/A,N/A,N/A,N/A,N/A,N/A,N/A,N/A,N/A,N/A,N/A,N/A,N/A,N/A,N/A,N/A,N/A,N/A,N/A,N/A,N/A,N/A,N/A,N/A,N/A,N/A,N/A,N/A,N/A,N/A,N/A,N/A,N/A,N/A,N/A,N/A,N/A,N/A,N/A,N/A,N/A,N/A,N/A,N/A,N/A,N/A
XSLT Proxy,2G,1000,1000,0,HTTP Request,287296,0,0,1190.83,837.36,997,343.73,54,3506,1011,1255,1439,1727,1967,2927,1387.36,1452.49,N/A,N/A,N/A,N/A,99.99,4096,,,99.98,2048,,,99.95,4096,12.5,2172.232,99.94,4096,12.5,2172.232,N/A,N/A,N/A,N/A,N/A,N/A,N/A,N/A,N/A,N/A,N/A,N/A,N/A,N/A,N/A,N/A,N/A,N/A,N/A,N/A,N/A,N/A,N/A,N/A,N/A,N/A,N/A,N/A,N/A,N/A,N/A,N/A,N/A,N/A,N/A,N/A,N/A,N/A,N/A,N/A,N/A,N/A,N/A,N/A,N/A,N/A,N/A,N/A,N/A,N/A,N/A,N/A,N/A,N/A,N/A,N/A,N/A,N/A,N/A,N/A,N/A,N/A,N/A,N/A,N/A,N/A,N/A,N/A,N/A,N/A,N/A,N/A,N/A,N/A,N/A,N/A,N/A,N/A,N/A,N/A,N/A,N/A,N/A,N/A,N/A,N/A,N/A,N/A,N/A,N/A,N/A,N/A,N/A,N/A,N/A,N/A,N/A,N/A,N/A,N/A,N/A,N/A,N/A,N/A,N/A,N/A,N/A,N/A,18028.39,389361,71267,159677,N/A,N/A,N/A,N/A,N/A,N/A,N/A,N/A,N/A,N/A,N/A,N/A,N/A,N/A,N/A,N/A,N/A,N/A,N/A,N/A,N/A,N/A,N/A,N/A,N/A,N/A,N/A,N/A,N/A,N/A,N/A,N/A,N/A,N/A,N/A,N/A,N/A,N/A,N/A,N/A,N/A,N/A,N/A,N/A,N/A,N/A,N/A,N/A,N/A,N/A,N/A,N/A,N/A,N/A,N/A,N/A,N/A,N/A,N/A,N/A,N/A,N/A,N/A,N/A,N/A,N/A,N/A,N/A,N/A,N/A,N/A,N/A,N/A,N/A,N/A,N/A,N/A,N/A,N/A,N/A,N/A,N/A,N/A,N/A,N/A,N/A,N/A,N/A,N/A,N/A,N/A,N/A,N/A,N/A,N/A,N/A,N/A,N/A,N/A,N/A,N/A,N/A,N/A,N/A,N/A,N/A,N/A,N/A,N/A,N/A,N/A,N/A,N/A,N/A,N/A,N/A,N/A,N/A,N/A,N/A,N/A,N/A,N/A,N/A,N/A,N/A,N/A,N/A,N/A,N/A,N/A,N/A,N/A,N/A,N/A,N/A,N/A,N/A,N/A,N/A,N/A,N/A,N/A,N/A,N/A,N/A,N/A,N/A,N/A,N/A,N/A,N/A,N/A,N/A,N/A,N/A
XSLT Proxy,2G,1000,10000,0,HTTP Request,54414,0,0,224.12,4405.02,987,861.28,1875,8038,5023,5599,5919,6335,6591,7327,2216.07,2246.93,N/A,N/A,N/A,N/A,0,4096,,,99.96,2048,,,99.96,4096,12.5,2172.232,99.96,4096,12,1448.155,N/A,N/A,N/A,N/A,N/A,N/A,N/A,N/A,N/A,N/A,N/A,N/A,N/A,N/A,N/A,N/A,N/A,N/A,N/A,N/A,N/A,N/A,N/A,N/A,N/A,N/A,N/A,N/A,N/A,N/A,N/A,N/A,N/A,N/A,N/A,N/A,N/A,N/A,N/A,N/A,N/A,N/A,N/A,N/A,N/A,N/A,N/A,N/A,N/A,N/A,N/A,N/A,N/A,N/A,N/A,N/A,N/A,N/A,N/A,N/A,N/A,N/A,N/A,N/A,N/A,N/A,N/A,N/A,N/A,N/A,N/A,N/A,N/A,N/A,N/A,N/A,N/A,N/A,N/A,N/A,N/A,N/A,N/A,N/A,N/A,N/A,N/A,N/A,N/A,N/A,N/A,N/A,N/A,N/A,N/A,N/A,N/A,N/A,N/A,N/A,N/A,N/A,N/A,N/A,N/A,N/A,N/A,N/A,8360.38,99450,13778,91364,N/A,N/A,N/A,N/A,N/A,N/A,N/A,N/A,N/A,N/A,N/A,N/A,N/A,N/A,N/A,N/A,N/A,N/A,N/A,N/A,N/A,N/A,N/A,N/A,N/A,N/A,N/A,N/A,N/A,N/A,N/A,N/A,N/A,N/A,N/A,N/A,N/A,N/A,N/A,N/A,N/A,N/A,N/A,N/A,N/A,N/A,N/A,N/A,N/A,N/A,N/A,N/A,N/A,N/A,N/A,N/A,N/A,N/A,N/A,N/A,N/A,N/A,N/A,N/A,N/A,N/A,N/A,N/A,N/A,N/A,N/A,N/A,N/A,N/A,N/A,N/A,N/A,N/A,N/A,N/A,N/A,N/A,N/A,N/A,N/A,N/A,N/A,N/A,N/A,N/A,N/A,N/A,N/A,N/A,N/A,N/A,N/A,N/A,N/A,N/A,N/A,N/A,N/A,N/A,N/A,N/A,N/A,N/A,N/A,N/A,N/A,N/A,N/A,N/A,N/A,N/A,N/A,N/A,N/A,N/A,N/A,N/A,N/A,N/A,N/A,N/A,N/A,N/A,N/A,N/A,N/A,N/A,N/A,N/A,N/A,N/A,N/A,N/A,N/A,N/A,N/A,N/A,N/A,N/A,N/A,N/A,N/A,N/A,N/A,N/A,N/A,N/A,N/A,N/A,N/A,N/A
XSLT Proxy,2G,1000,100000,0,HTTP Request,4349,0,0,15.42,54614.88,842,4588.43,41374,70613,57599,60671,62463,64255,65279,68607,1495.07,1509.17,N/A,N/A,N/A,N/A,∞,-2199023255552,,,99.98,2048,,,99.97,4096,12,1448.155,99.96,4096,12,1448.155,N/A,N/A,N/A,N/A,N/A,N/A,N/A,N/A,N/A,N/A,N/A,N/A,N/A,N/A,N/A,N/A,N/A,N/A,N/A,N/A,N/A,N/A,N/A,N/A,N/A,N/A,N/A,N/A,N/A,N/A,N/A,N/A,N/A,N/A,N/A,N/A,N/A,N/A,N/A,N/A,N/A,N/A,N/A,N/A,N/A,N/A,N/A,N/A,N/A,N/A,N/A,N/A,N/A,N/A,N/A,N/A,N/A,N/A,N/A,N/A,N/A,N/A,N/A,N/A,N/A,N/A,N/A,N/A,N/A,N/A,N/A,N/A,N/A,N/A,N/A,N/A,N/A,N/A,N/A,N/A,N/A,N/A,N/A,N/A,N/A,N/A,N/A,N/A,N/A,N/A,N/A,N/A,N/A,N/A,N/A,N/A,N/A,N/A,N/A,N/A,N/A,N/A,N/A,N/A,N/A,N/A,N/A,N/A,6181.27,85558,7746,55731,N/A,N/A,N/A,N/A,N/A,N/A,N/A,N/A,N/A,N/A,N/A,N/A,N/A,N/A,N/A,N/A,N/A,N/A,N/A,N/A,N/A,N/A,N/A,N/A,N/A,N/A,N/A,N/A,N/A,N/A,N/A,N/A,N/A,N/A,N/A,N/A,N/A,N/A,N/A,N/A,N/A,N/A,N/A,N/A,N/A,N/A,N/A,N/A,N/A,N/A,N/A,N/A,N/A,N/A,N/A,N/A,N/A,N/A,N/A,N/A,N/A,N/A,N/A,N/A,N/A,N/A,N/A,N/A,N/A,N/A,N/A,N/A,N/A,N/A,N/A,N/A,N/A,N/A,N/A,N/A,N/A,N/A,N/A,N/A,N/A,N/A,N/A,N/A,N/A,N/A,N/A,N/A,N/A,N/A,N/A,N/A,N/A,N/A,N/A,N/A,N/A,N/A,N/A,N/A,N/A,N/A,N/A,N/A,N/A,N/A,N/A,N/A,N/A,N/A,N/A,N/A,N/A,N/A,N/A,N/A,N/A,N/A,N/A,N/A,N/A,N/A,N/A,N/A,N/A,N/A,N/A,N/A,N/A,N/A,N/A,N/A,N/A,N/A,N/A,N/A,N/A,N/A,N/A,N/A,N/A,N/A,N/A,N/A,N/A,N/A,N/A,N/A,N/A,N/A,N/A,N/A
